<?xml version="1.0" encoding="UTF-8"?>
<metadata xml:lang="es"><Esri><CreaDate>20220203</CreaDate><CreaTime>17193900</CreaTime><ArcGISFormat>1.0</ArcGISFormat><SyncOnce>TRUE</SyncOnce><DataProperties><lineage><Process ToolSource="c:\program files (x86)\arcgis\desktop10.3\ArcToolbox\Toolboxes\Data Management Tools.tbx\CalculateField" Date="20220203" Time="165632">CalculateField Grilla150_indic_dgru_v2 UsuDH_PREC [PRECUARENT] VB #</Process><Process ToolSource="c:\program files (x86)\arcgis\desktop10.3\ArcToolbox\Toolboxes\Data Management Tools.tbx\CalculateField" Date="20220203" Time="171458">CalculateField Grilla150_indic_dgru_v2 Acc_500 1 VB #</Process></lineage></DataProperties></Esri></metadata>
