<?xml version="1.0" encoding="UTF-8"?>
<metadata xml:lang="es"><Esri><CreaDate>20210601</CreaDate><CreaTime>15575600</CreaTime><ArcGISFormat>1.0</ArcGISFormat><ArcGISstyle>ISO 19139 Metadata Implementation Specification GML3.2</ArcGISstyle><SyncOnce>TRUE</SyncOnce><DataProperties><lineage><Process ToolSource="c:\program files (x86)\arcgis\desktop10.3\ArcToolbox\Toolboxes\Data Management Tools.tbx\CalculateField" Date="20210601" Time="155756">CalculateField "Proceso 1\Calles Verdes\1_Quintil_CercaniaVerde" Minutos 1 VB #</Process><Process ToolSource="c:\program files (x86)\arcgis\desktop10.3\ArcToolbox\Toolboxes\Data Management Tools.tbx\CalculateField" Date="20210601" Time="155829">CalculateField "Proceso 1\Calles Verdes\1_Quintil_CercaniaVerde" Minutos 3 VB #</Process><Process ToolSource="c:\program files (x86)\arcgis\desktop10.3\ArcToolbox\Toolboxes\Data Management Tools.tbx\CalculateField" Date="20210601" Time="155845">CalculateField "Proceso 1\Calles Verdes\1_Quintil_CercaniaVerde" Minutos 5 VB #</Process><Process ToolSource="c:\program files (x86)\arcgis\desktop10.3\ArcToolbox\Toolboxes\Data Management Tools.tbx\CalculateField" Date="20210601" Time="155909">CalculateField "Proceso 1\Calles Verdes\1_Quintil_CercaniaVerde" Minutos 10 VB #</Process><Process ToolSource="c:\program files (x86)\arcgis\desktop10.3\ArcToolbox\Toolboxes\Data Management Tools.tbx\CalculateField" Date="20210601" Time="155926">CalculateField "Proceso 1\Calles Verdes\1_Quintil_CercaniaVerde" Minutos 15 VB #</Process></lineage></DataProperties></Esri></metadata>
